Date,Region,Product,Quantity,Unit_Price,Customer_Age,Total_Sales,Age_Group
2023-01-01,East,Product B,8.0,18.93,53,151.44,46-60
2023-01-02,West,Product C,3.0,46.13,51,138.39000000000001,46-60
2023-01-03,North,Product A,8.0,82.01,46,656.08,46-60
2023-01-04,North,Product A,5.0,28.36,41,141.8,31-45
2023-01-05,East,Product A,1.0,59.96,41,59.96,31-45
2023-01-06,West,Product A,7.0,75.98,59,531.86,46-60
2023-01-07,North,Product D,5.0,65.44,21,327.2,18-30
2023-01-08,North,Product A,6.0,26.92,20,161.52,18-30
2023-01-09,East,Product D,6.0,41.98,51,251.88,46-60
2023-01-10,South,Product D,8.0,80.54,66,644.32,61-75
2023-01-11,East,Product A,9.0,59.88,40,538.9200000000001,31-45
2023-01-12,East,Product A,2.0,10.47,69,20.94,61-75
2023-01-13,East,Product B,9.0,78.49,40,706.41,31-45
2023-01-14,East,Product C,5.0,13.18,62,65.9,61-75
2023-01-15,West,Product A,7.0,77.12,22,539.84,18-30
2023-01-16,North,Product B,1.0,28.22,48,28.22,46-60
2023-01-17,West,Product B,7.0,96.23,58,673.61,46-60
2023-01-18,West,Product C,5.0,43.11,23,215.55,18-30
2023-01-19,West,Product D,6.0,39.42,54,236.52,46-60
2023-01-20,East,Product A,7.0,23.4,27,163.79999999999998,18-30
2023-01-21,South,Product C,5.0,37.5,57,187.5,46-60
2023-01-22,North,Product A,7.0,88.9,24,622.3000000000001,18-30
2023-01-23,South,Product B,5.0,99.67,56,498.35,46-60
2023-01-24,West,Product B,3.0,43.15,55,129.45,46-60
2023-01-25,West,Product D,8.0,50.37,38,402.96,31-45
2023-01-26,South,Product B,2.0,74.99,37,149.98,31-45
2023-01-27,South,Product B,7.0,89.76,20,628.32,18-30
2023-01-28,South,Product C,2.0,63.37,68,126.74,61-75
2023-01-29,West,Product A,4.0,45.24,39,180.96,31-45
2023-01-30,West,Product A,7.0,47.14,64,329.98,61-75
2023-01-31,North,Product C,3.0,72.61,21,217.82999999999998,18-30
2023-02-01,North,Product D,2.0,10.29,45,20.58,31-45
2023-02-02,West,Product A,7.0,65.76,29,460.32000000000005,18-30
2023-02-03,South,Product B,1.0,41.99,55,41.99,46-60
2023-02-04,South,Product A,8.0,81.48,68,651.84,61-75
2023-02-05,North,Product B,3.0,18.37,53,55.11,46-60
2023-02-06,West,Product D,5.0,62.94,64,314.7,61-75
2023-02-07,North,Product C,3.0,53.29,58,159.87,46-60
2023-02-08,North,Product A,5.0,67.81,22,339.05,18-30
2023-02-09,East,Product C,8.0,15.84,30,126.72,18-30
2023-02-10,East,Product A,7.0,62.2,40,435.40000000000003,31-45
2023-02-11,East,Product B,7.0,60.53,67,423.71000000000004,61-75
2023-02-12,South,Product C,7.0,60.46,47,423.22,46-60
2023-02-13,West,Product A,8.0,64.31,54,514.48,46-60
2023-02-14,West,Product B,1.0,70.88,42,70.88,31-45
2023-02-15,West,Product C,4.0,82.45,65,329.8,61-75
2023-02-16,West,Product C,6.0,34.28,44,205.68,31-45
2023-02-17,East,Product A,9.0,84.25,68,758.25,61-75
2023-02-18,South,Product A,2.0,54.84,31,109.68,31-45
2023-02-19,South,Product A,1.0,16.94,65,16.94,61-75
2023-02-20,East,Product B,2.0,15.27,64,30.54,61-75
2023-02-21,South,Product A,7.0,40.08,53,280.56,46-60
2023-02-22,East,Product C,3.0,80.64,56,241.92000000000002,46-60
2023-02-23,West,Product C,2.0,73.69,33,147.38,31-45
2023-02-24,East,Product A,5.0,80.98,39,404.90000000000003,31-45
2023-02-25,West,Product A,2.0,56.55,38,113.1,31-45
2023-02-26,West,Product D,3.0,49.62,38,148.85999999999999,31-45
2023-02-27,North,Product C,7.0,23.27,25,162.89,18-30
2023-02-28,East,Product B,5.0,39.54,66,197.7,61-75
2023-03-01,North,Product D,1.0,49.06,33,49.06,31-45
2023-03-02,East,Product A,5.0,17.97,48,89.85,46-60
2023-03-03,East,Product A,9.0,29.86,59,268.74,46-60
2023-03-04,North,Product C,8.0,63.84,27,510.72,18-30
2023-03-05,North,Product A,9.0,76.21,49,685.89,46-60
2023-03-06,East,Product B,9.0,99.85,51,898.65,46-60
2023-03-07,South,Product C,7.0,93.98,26,657.86,18-30
2023-03-08,West,Product A,4.0,67.83,34,271.32,31-45
2023-03-09,North,Product C,5.0,47.91,28,239.54999999999998,18-30
2023-03-10,West,Product A,1.0,67.26,49,67.26,46-60
2023-03-11,South,Product A,1.0,80.71,27,80.71,18-30
2023-03-12,South,Product A,3.0,20.65,39,61.949999999999996,31-45
2023-03-13,South,Product B,8.0,46.89,34,375.12,31-45
2023-03-14,North,Product B,2.0,85.58,21,171.16,18-30
2023-03-15,South,Product C,4.0,44.54,65,178.16,61-75
2023-03-16,North,Product A,2.0,61.47,69,122.94,61-75
2023-03-17,South,Product A,5.0,62.9,64,314.5,61-75
2023-03-18,West,Product B,9.0,26.6,42,239.4,31-45
2023-03-19,West,Product A,1.0,42.6,38,42.6,31-45
2023-03-20,East,Product B,5.0,40.11,54,200.55,46-60
2023-03-21,West,Product A,9.0,12.36,55,111.24,46-60
2023-03-22,East,Product C,1.0,12.18,66,12.18,61-75
2023-03-23,West,Product A,9.0,84.85,18,763.65,
2023-03-24,North,Product A,8.0,34.58,42,276.64,31-45
2023-03-25,West,Product D,4.0,56.63,68,226.52,61-75
2023-03-26,East,Product B,5.0,36.89,53,184.45,46-60
2023-03-27,East,Product A,5.0,94.66,34,473.29999999999995,31-45
2023-03-28,South,Product A,6.0,33.34,58,200.04000000000002,46-60
2023-03-29,North,Product D,7.0,48.67,41,340.69,31-45
2023-03-30,West,Product D,8.0,88.55,19,708.4,18-30
2023-03-31,South,Product B,8.0,85.77,57,686.16,46-60
2023-04-01,West,Product D,2.0,26.75,32,53.5,31-45
2023-04-02,West,Product C,9.0,82.24,49,740.16,46-60
2023-04-03,South,Product D,7.0,51.24,56,358.68,46-60
2023-04-04,South,Product C,4.0,53.47,23,213.88,18-30
2023-04-05,South,Product B,4.0,22.01,18,88.04,
2023-04-06,South,Product B,8.0,17.25,64,138.0,61-75
2023-04-07,South,Product B,4.0,75.51,40,302.04,31-45
2023-04-08,West,Product B,6.0,54.68,56,328.08,46-60
2023-04-09,South,Product B,5.0,49.32,34,246.6,31-45
2023-04-10,North,Product C,3.0,75.66,51,226.98,46-60
2023-04-11,East,Product C,2.0,78.9,58,157.8,46-60
2023-04-12,South,Product B,5.0,24.3,46,121.5,46-60
2023-04-13,South,Product D,9.0,64.92,26,584.28,18-30
2023-04-14,West,Product A,1.0,22.18,30,22.18,18-30
2023-04-15,South,Product B,3.0,77.62,23,232.86,18-30
2023-04-16,South,Product D,8.0,69.13,23,553.04,18-30
2023-04-17,South,Product A,6.0,96.1,37,576.5999999999999,31-45
2023-04-18,West,Product B,5.0,16.21,69,81.05000000000001,61-75
2023-04-19,South,Product B,5.0,15.13,20,75.65,18-30
2023-04-20,East,Product C,6.0,35.4,34,212.39999999999998,31-45
2023-04-21,West,Product A,7.0,33.55,66,234.84999999999997,61-75
2023-04-22,East,Product A,1.0,32.23,29,32.23,18-30
2023-04-23,West,Product D,9.0,91.56,65,824.04,61-75
2023-04-24,South,Product C,5.0,32.46,64,162.3,61-75
2023-04-25,East,Product C,4.0,34.48,62,137.92,61-75
2023-04-26,West,Product C,1.0,78.35,18,78.35,
2023-04-27,North,Product C,3.0,50.48,34,151.44,31-45
2023-04-28,South,Product A,2.0,79.9,20,159.8,18-30
2023-04-29,West,Product A,2.0,15.88,43,31.76,31-45
2023-04-30,North,Product B,1.0,53.88,32,53.88,31-45
2023-05-01,West,Product B,8.0,13.03,53,104.24,46-60
2023-05-02,North,Product C,3.0,15.64,49,46.92,46-60
2023-05-03,South,Product C,3.0,91.58,49,274.74,46-60
2023-05-04,South,Product C,6.0,22.53,21,135.18,18-30
2023-05-05,North,Product B,8.0,57.92,35,463.36,31-45
2023-05-06,West,Product D,9.0,47.0,66,423.0,61-75
2023-05-07,South,Product D,9.0,41.26,36,371.34,31-45
2023-05-08,North,Product B,4.0,90.99,60,363.96,46-60
2023-05-09,West,Product B,5.0,11.96,69,59.800000000000004,61-75
2023-05-10,West,Product B,2.0,69.74,52,139.48,46-60
2023-05-11,West,Product B,9.0,96.71,57,870.39,46-60
2023-05-12,North,Product B,8.0,60.42,31,483.36,31-45
2023-05-13,North,Product B,3.0,94.31,50,282.93,46-60
2023-05-14,North,Product C,5.0,14.7,31,73.5,31-45
2023-05-15,East,Product C,3.0,47.69,51,143.07,46-60
2023-05-16,North,Product C,9.0,33.41,21,300.68999999999994,18-30
2023-05-17,North,Product C,2.0,75.77,41,151.54,31-45
2023-05-18,North,Product B,9.0,98.32,46,884.8799999999999,46-60
2023-05-19,East,Product D,8.0,33.09,36,264.72,31-45
2023-05-20,North,Product A,9.0,68.88,23,619.92,18-30
2023-05-21,West,Product B,5.0,27.83,50,139.14999999999998,46-60
2023-05-22,North,Product A,2.0,60.88,66,121.76,61-75
2023-05-23,West,Product D,8.0,51.75,57,414.0,46-60
2023-05-24,West,Product C,6.0,97.48,36,584.88,31-45
2023-05-25,West,Product D,8.0,64.77,18,518.16,
2023-05-26,East,Product B,5.0,41.46,22,207.3,18-30
2023-05-27,East,Product C,2.0,20.27,44,40.54,31-45
2023-05-28,East,Product B,6.0,23.61,33,141.66,31-45
2023-05-29,North,Product C,5.0,30.28,23,151.4,18-30
2023-05-30,North,Product A,5.0,32.59,57,162.95000000000002,46-60
2023-05-31,East,Product A,1.0,86.56,30,86.56,18-30
2023-06-01,East,Product A,2.0,60.51,65,121.02,61-75
2023-06-02,North,Product D,8.0,57.11,52,456.88,46-60
2023-06-03,East,Product B,3.0,20.33,36,60.989999999999995,31-45
2023-06-04,North,Product D,3.0,87.41,29,262.23,18-30
2023-06-05,South,Product A,8.0,75.05,33,600.4,31-45
2023-06-06,East,Product B,8.0,16.09,60,128.72,46-60
2023-06-07,South,Product A,5.0,73.71,27,368.54999999999995,18-30
2023-06-08,North,Product D,8.0,58.92,42,471.36,31-45
2023-06-09,West,Product D,1.0,17.36,37,17.36,31-45
2023-06-10,East,Product D,6.0,51.25,48,307.5,46-60
2023-06-11,North,Product A,8.0,53.62,21,428.96,18-30
2023-06-12,West,Product B,3.0,24.92,61,74.76,61-75
2023-06-13,West,Product B,8.0,95.11,40,760.88,31-45
2023-06-14,South,Product A,1.0,86.5,19,86.5,18-30
2023-06-15,North,Product B,9.0,70.21,39,631.89,31-45
2023-06-16,West,Product A,9.0,51.61,68,464.49,61-75
2023-06-17,East,Product B,5.0,47.06,54,235.3,46-60
2023-06-18,East,Product C,5.0,68.59,25,342.95000000000005,18-30
2023-06-19,South,Product C,6.0,59.09,24,354.54,18-30
2023-06-20,West,Product D,7.0,15.6,31,109.2,31-45
2023-06-21,North,Product C,5.0,56.13,20,280.65000000000003,18-30
2023-06-22,East,Product C,9.0,82.58,67,743.22,61-75
2023-06-23,West,Product C,3.0,51.33,33,153.99,31-45
2023-06-24,West,Product A,7.0,14.68,36,102.75999999999999,31-45
2023-06-25,South,Product C,5.0,80.77,68,403.84999999999997,61-75
2023-06-26,East,Product C,7.0,28.12,35,196.84,31-45
2023-06-27,East,Product D,2.0,33.28,69,66.56,61-75
2023-06-28,North,Product C,4.0,24.82,33,99.28,31-45
2023-06-29,East,Product C,2.0,39.72,25,79.44,18-30
2023-06-30,North,Product B,7.0,78.11,50,546.77,46-60
2023-07-01,East,Product D,2.0,56.74,66,113.48,61-75
2023-07-02,South,Product D,1.0,28.44,29,28.44,18-30
2023-07-03,East,Product D,9.0,89.0,28,801.0,18-30
2023-07-04,North,Product D,1.0,89.16,22,89.16,18-30
2023-07-05,North,Product D,8.0,88.35,44,706.8,31-45
2023-07-06,South,Product D,2.0,31.49,29,62.98,18-30
2023-07-07,East,Product A,8.0,50.61,34,404.88,31-45
2023-07-08,East,Product C,3.0,98.65,23,295.95000000000005,18-30
2023-07-09,South,Product D,6.0,79.48,50,476.88,46-60
2023-07-10,East,Product C,3.0,12.45,22,37.349999999999994,18-30
2023-07-11,East,Product C,7.0,15.87,45,111.08999999999999,31-45
2023-07-12,North,Product A,9.0,51.75,31,465.75,31-45
2023-07-13,East,Product D,2.0,91.83,22,183.66,18-30
2023-07-14,East,Product B,5.0,58.48,50,292.4,46-60
2023-07-15,South,Product A,5.0,54.8,67,274.0,61-75
2023-07-16,South,Product B,4.0,19.49,65,77.96,61-75
2023-07-17,West,Product C,4.0,69.11,58,276.44,46-60
2023-07-18,North,Product C,4.0,83.99,36,335.96,31-45
2023-07-19,East,Product A,2.0,44.24,39,88.48,31-45
2023-07-20,East,Product A,4.0,79.81,22,319.24,18-30
2023-07-21,East,Product B,1.0,96.8,19,96.8,18-30
2023-07-22,East,Product D,6.0,28.34,47,170.04,46-60
2023-07-23,North,Product B,5.0,57.1,64,285.5,61-75
2023-07-24,West,Product A,6.0,35.84,56,215.04000000000002,46-60
2023-07-25,North,Product B,1.0,81.36,21,81.36,18-30
2023-07-26,West,Product A,5.0,61.98,50,309.9,46-60
2023-07-27,West,Product B,8.0,67.11,30,536.88,18-30
2023-07-28,South,Product A,2.0,81.81,37,163.62,31-45
2023-07-29,North,Product A,2.0,45.64,24,91.28,18-30
2023-07-30,East,Product A,4.0,92.36,32,369.44,31-45
2023-07-31,East,Product D,3.0,57.97,40,173.91,31-45
2023-08-01,North,Product B,4.0,24.22,31,96.88,31-45
2023-08-02,East,Product B,7.0,72.63,40,508.40999999999997,31-45
2023-08-03,East,Product B,1.0,81.39,36,81.39,31-45
2023-08-04,North,Product A,5.0,38.51,46,192.54999999999998,46-60
2023-08-05,West,Product B,3.0,87.15,37,261.45000000000005,31-45
2023-08-06,North,Product B,7.0,91.55,46,640.85,46-60
2023-08-07,West,Product A,2.0,34.92,41,69.84,31-45
2023-08-08,East,Product C,2.0,98.52,35,197.04,31-45
2023-08-09,East,Product A,4.0,22.66,27,90.64,18-30
2023-08-10,East,Product B,1.0,28.18,58,28.18,46-60
2023-08-11,South,Product A,3.0,26.58,25,79.74,18-30
2023-08-12,West,Product C,9.0,90.46,43,814.14,31-45
2023-08-13,South,Product A,7.0,68.89,46,482.23,46-60
2023-08-14,South,Product B,7.0,23.69,27,165.83,18-30
2023-08-15,North,Product C,4.0,49.63,34,198.52,31-45
2023-08-16,South,Product D,2.0,65.38,19,130.76,18-30
2023-08-17,North,Product B,4.0,17.51,23,70.04,18-30
2023-08-18,North,Product C,6.0,89.42,22,536.52,18-30
2023-08-19,South,Product C,3.0,82.32,45,246.95999999999998,31-45
2023-08-20,West,Product D,1.0,55.47,58,55.47,46-60
2023-08-21,West,Product A,8.0,97.04,22,776.32,18-30
2023-08-22,West,Product A,5.0,47.6,35,238.0,31-45
2023-08-23,West,Product B,5.0,98.57,43,492.84999999999997,31-45
2023-08-24,West,Product D,4.0,70.11,37,280.44,31-45
2023-08-25,South,Product A,6.0,67.12,58,402.72,46-60
2023-08-26,South,Product D,3.0,24.94,66,74.82000000000001,61-75
2023-08-27,East,Product A,9.0,89.37,44,804.33,31-45
2023-08-28,West,Product C,5.0,48.47,66,242.35,61-75
2023-08-29,South,Product A,3.0,24.6,29,73.80000000000001,18-30
2023-08-30,South,Product D,1.0,11.13,24,11.13,18-30
2023-08-31,South,Product C,6.0,60.38,20,362.28000000000003,18-30
2023-09-01,North,Product C,2.0,57.47,27,114.94,18-30
2023-09-02,East,Product C,3.0,74.74,51,224.21999999999997,46-60
2023-09-03,South,Product D,1.0,90.12,42,90.12,31-45
2023-09-04,North,Product B,9.0,17.15,52,154.35,46-60
2023-09-05,North,Product B,8.0,75.83,33,606.64,31-45
2023-09-06,North,Product B,2.0,26.87,19,53.74,18-30
2023-09-07,East,Product D,8.0,87.24,41,697.92,31-45
2023-09-08,South,Product C,9.0,83.72,27,753.48,18-30
2023-09-09,North,Product B,1.0,58.67,55,58.67,46-60
2023-09-10,West,Product D,5.0,73.92,39,369.6,31-45
2023-09-11,North,Product B,8.0,38.29,43,306.32,31-45
2023-09-12,North,Product A,2.0,52.41,60,104.82,46-60
2023-09-13,East,Product B,4.0,83.95,56,335.8,46-60
2023-09-14,East,Product B,7.0,51.33,44,359.31,31-45
2023-09-15,South,Product C,3.0,42.2,46,126.60000000000001,46-60
2023-09-16,West,Product D,5.0,54.48,64,272.4,61-75
2023-09-17,East,Product C,8.0,84.54,55,676.32,46-60
2023-09-18,North,Product C,5.0,40.17,37,200.85000000000002,31-45
2023-09-19,South,Product C,4.0,25.64,44,102.56,31-45
2023-09-20,North,Product C,9.0,74.08,58,666.72,46-60
2023-09-21,North,Product C,7.0,84.34,37,590.38,31-45
2023-09-22,East,Product B,1.0,19.06,61,19.06,61-75
2023-09-23,South,Product C,4.0,31.59,36,126.36,31-45
2023-09-24,West,Product C,4.0,22.78,37,91.12,31-45
2023-09-25,West,Product D,9.0,41.31,52,371.79,46-60
2023-09-26,East,Product A,6.0,50.53,64,303.18,61-75
2023-09-27,East,Product B,9.0,77.39,19,696.51,18-30
2023-09-28,South,Product B,6.0,68.6,47,411.59999999999997,46-60
2023-09-29,West,Product B,6.0,65.88,51,395.28,46-60
2023-09-30,West,Product C,5.0,41.71,39,208.55,31-45
2023-10-01,West,Product C,5.0,85.73,20,428.65000000000003,18-30
2023-10-02,North,Product C,2.0,52.42,23,104.84,18-30
2023-10-03,West,Product D,8.0,98.12,32,784.96,31-45
2023-10-04,North,Product A,8.0,67.07,44,536.56,31-45
2023-10-05,South,Product C,1.0,21.36,27,21.36,18-30
2023-10-06,North,Product A,8.0,70.86,26,566.88,18-30
2023-10-07,South,Product D,5.0,39.26,50,196.29999999999998,46-60
2023-10-08,West,Product B,2.0,71.77,49,143.54,46-60
2023-10-09,West,Product C,2.0,16.27,65,32.54,61-75
2023-10-10,South,Product A,6.0,25.74,23,154.44,18-30
2023-10-11,East,Product A,9.0,87.02,58,783.18,46-60
2023-10-12,South,Product C,1.0,30.45,53,30.45,46-60
2023-10-13,East,Product B,6.0,85.33,19,511.98,18-30
2023-10-14,North,Product B,9.0,35.13,46,316.17,46-60
2023-10-15,North,Product B,8.0,67.86,21,542.88,18-30
2023-10-16,North,Product D,5.0,72.47,18,362.35,
2023-10-17,West,Product A,3.0,56.14,36,168.42000000000002,31-45
2023-10-18,North,Product A,8.0,37.48,43,299.84,31-45
2023-10-19,East,Product A,9.0,29.14,42,262.26,31-45
2023-10-20,North,Product D,1.0,12.99,27,12.99,18-30
2023-10-21,South,Product A,9.0,37.36,32,336.24,31-45
2023-10-22,South,Product D,5.0,68.78,39,343.9,31-45
2023-10-23,West,Product B,6.0,94.45,68,566.7,61-75
2023-10-24,South,Product C,4.0,88.41,65,353.64,61-75
2023-10-25,East,Product A,1.0,78.95,38,78.95,31-45
2023-10-26,North,Product A,8.0,80.96,39,647.68,31-45
2023-10-27,West,Product B,2.0,69.85,53,139.7,46-60
2023-10-28,North,Product C,1.0,33.43,51,33.43,46-60
2023-10-29,North,Product D,2.0,91.65,47,183.3,46-60
2023-10-30,East,Product C,1.0,70.37,42,70.37,31-45
2023-10-31,South,Product B,1.0,60.44,62,60.44,61-75
2023-11-01,South,Product B,9.0,19.99,45,179.91,31-45
2023-11-02,North,Product C,1.0,50.23,18,50.23,
2023-11-03,West,Product D,4.0,51.43,66,205.72,61-75
2023-11-04,South,Product D,6.0,87.81,62,526.86,61-75
2023-11-05,West,Product A,7.0,59.2,21,414.40000000000003,18-30
2023-11-06,South,Product D,2.0,44.24,24,88.48,18-30
2023-11-07,West,Product C,6.0,97.91,66,587.46,61-75
2023-11-08,East,Product B,7.0,19.96,26,139.72,18-30
2023-11-09,West,Product A,2.0,48.03,53,96.06,46-60
2023-11-10,East,Product A,2.0,13.78,36,27.56,31-45
2023-11-11,East,Product B,7.0,76.59,18,536.13,
2023-11-12,West,Product D,1.0,92.63,27,92.63,18-30
2023-11-13,East,Product B,8.0,35.2,53,281.6,46-60
2023-11-14,North,Product D,5.0,87.25,26,436.25,18-30
2023-11-15,East,Product B,5.0,36.3,62,181.5,61-75
2023-11-16,South,Product C,9.0,91.97,63,827.73,61-75
2023-11-17,South,Product D,6.0,77.86,59,467.15999999999997,46-60
2023-11-18,North,Product C,9.0,82.44,49,741.96,46-60
2023-11-19,West,Product A,7.0,11.62,49,81.33999999999999,46-60
2023-11-20,South,Product B,9.0,96.65,23,869.85,18-30
2023-11-21,South,Product A,2.0,75.4,65,150.8,61-75
2023-11-22,South,Product A,8.0,37.43,55,299.44,46-60
2023-11-23,East,Product A,8.0,84.65,34,677.2,31-45
2023-11-24,East,Product A,2.0,35.34,27,70.68,18-30
2023-11-25,West,Product B,4.0,88.55,67,354.2,61-75
2023-11-26,West,Product A,5.0,20.13,44,100.64999999999999,31-45
2023-11-27,North,Product B,4.0,73.33,67,293.32,61-75
2023-11-28,North,Product B,4.0,58.66,52,234.64,46-60
2023-11-29,West,Product C,6.0,18.69,69,112.14000000000001,61-75
2023-11-30,East,Product D,6.0,31.77,38,190.62,31-45
2023-12-01,South,Product D,3.0,11.12,42,33.36,31-45
2023-12-02,West,Product B,9.0,52.19,45,469.71,31-45
2023-12-03,North,Product C,2.0,37.11,64,74.22,61-75
2023-12-04,East,Product B,6.0,63.85,32,383.1,31-45
2023-12-05,West,Product B,5.0,36.75,21,183.75,18-30
2023-12-06,West,Product B,9.0,36.99,46,332.91,46-60
2023-12-07,East,Product C,3.0,76.89,26,230.67000000000002,18-30
2023-12-08,West,Product D,3.0,14.33,44,42.99,31-45
2023-12-09,East,Product C,7.0,91.26,43,638.82,31-45
2023-12-10,South,Product A,4.0,86.7,36,346.8,31-45
2023-12-11,East,Product C,8.0,70.1,45,560.8,31-45
2023-12-12,East,Product C,7.0,63.39,34,443.73,31-45
2023-12-13,East,Product C,5.0,90.31,60,451.55,46-60
2023-12-14,West,Product C,7.0,26.68,58,186.76,46-60
2023-12-15,West,Product D,3.0,17.11,59,51.33,46-60
2023-12-16,East,Product A,2.0,31.56,67,63.12,61-75
2023-12-17,East,Product D,6.0,81.51,37,489.06000000000006,31-45
2023-12-18,North,Product D,2.0,13.12,62,26.24,61-75
2023-12-19,North,Product C,3.0,62.45,57,187.35000000000002,46-60
2023-12-20,West,Product B,6.0,99.59,56,597.54,46-60
2023-12-21,West,Product B,5.0,87.01,66,435.05,61-75
2023-12-22,East,Product D,8.0,56.93,40,455.44,31-45
2023-12-23,South,Product D,5.0,15.73,64,78.65,61-75
2023-12-24,West,Product C,3.0,84.82,49,254.45999999999998,46-60
2023-12-25,North,Product D,3.0,63.91,69,191.73,61-75
2023-12-26,East,Product C,3.0,20.34,64,61.019999999999996,61-75
2023-12-27,West,Product B,6.0,18.45,50,110.69999999999999,46-60
2023-12-28,North,Product B,5.0,91.87,63,459.35,61-75
2023-12-29,North,Product A,7.0,70.23,22,491.61,18-30
2023-12-30,South,Product B,1.0,84.64,60,84.64,46-60
2023-12-31,East,Product D,5.0,89.11,65,445.55,61-75
2024-01-01,East,Product B,8.0,61.46,51,491.68,46-60
2024-01-02,South,Product C,4.0,56.57,57,226.28,46-60
2024-01-03,South,Product B,5.0,48.74,28,243.70000000000002,18-30
2024-01-04,East,Product A,4.0,38.53,67,154.12,61-75
2024-01-05,East,Product B,4.0,49.11,20,196.44,18-30
2024-01-06,West,Product C,8.0,79.65,50,637.2,46-60
2024-01-07,West,Product C,2.0,64.17,28,128.34,18-30
2024-01-08,South,Product D,1.0,90.33,33,90.33,31-45
2024-01-09,West,Product B,3.0,49.9,35,149.7,31-45
2024-01-10,North,Product C,9.0,64.64,47,581.76,46-60
2024-01-11,West,Product A,4.0,66.82,65,267.28,61-75
2024-01-12,West,Product D,5.0,63.25,27,316.25,18-30
2024-01-13,North,Product A,2.0,73.24,35,146.48,31-45
2024-01-14,South,Product B,4.0,31.37,55,125.48,46-60
2024-01-15,North,Product B,2.0,56.11,36,112.22,31-45
2024-01-16,West,Product B,2.0,19.38,53,38.76,46-60
2024-01-17,South,Product D,4.0,44.61,30,178.44,18-30
2024-01-18,West,Product C,6.0,53.89,63,323.34000000000003,61-75
2024-01-19,North,Product D,7.0,68.7,20,480.90000000000003,18-30
2024-01-20,North,Product A,3.0,95.55,27,286.65,18-30
2024-01-21,West,Product D,3.0,64.06,55,192.18,46-60
2024-01-22,East,Product A,6.0,76.92,18,461.52,
2024-01-23,East,Product D,3.0,55.56,44,166.68,31-45
2024-01-24,North,Product C,2.0,67.07,63,134.14,61-75
2024-01-25,North,Product A,8.0,16.38,25,131.04,18-30
2024-01-26,East,Product B,5.0,32.9,68,164.5,61-75
2024-01-27,East,Product B,1.0,42.57,63,42.57,61-75
2024-01-28,West,Product D,3.0,52.52,59,157.56,46-60
2024-01-29,West,Product B,8.0,14.11,34,112.88,31-45
2024-01-30,West,Product A,4.0,22.6,26,90.4,18-30
2024-01-31,West,Product B,7.0,34.91,23,244.36999999999998,18-30
2024-02-01,West,Product C,2.0,97.44,60,194.88,46-60
2024-02-02,South,Product C,7.0,39.82,42,278.74,31-45
2024-02-03,West,Product D,5.0,53.38,56,266.90000000000003,46-60
2024-02-04,West,Product A,5.0,27.65,66,138.25,61-75
2024-02-05,West,Product C,6.0,64.97,45,389.82,31-45
2024-02-06,West,Product C,9.0,35.26,50,317.34,46-60
2024-02-07,West,Product A,6.0,28.63,54,171.78,46-60
2024-02-08,North,Product B,8.0,56.49,26,451.92,18-30
2024-02-09,West,Product B,7.0,10.5,35,73.5,31-45
2024-02-10,West,Product D,9.0,10.69,38,96.21,31-45
2024-02-11,West,Product B,4.0,29.72,19,118.88,18-30
2024-02-12,West,Product A,2.0,13.3,60,26.6,46-60
2024-02-13,West,Product C,7.0,19.72,55,138.04,46-60
2024-02-14,South,Product B,6.0,40.5,57,243.0,46-60
2024-02-15,East,Product D,1.0,82.23,53,82.23,46-60
2024-02-16,West,Product B,9.0,61.48,67,553.3199999999999,61-75
2024-02-17,South,Product A,9.0,56.14,60,505.26,46-60
2024-02-18,North,Product D,2.0,36.41,54,72.82,46-60
2024-02-19,East,Product B,3.0,93.86,32,281.58,31-45
2024-02-20,North,Product D,5.0,45.73,45,228.64999999999998,31-45
2024-02-21,North,Product A,5.0,17.84,35,89.2,31-45
2024-02-22,South,Product C,1.0,65.54,51,65.54,46-60
2024-02-23,West,Product A,8.0,20.25,39,162.0,31-45
2024-02-24,South,Product A,8.0,41.07,28,328.56,18-30
2024-02-25,South,Product A,4.0,55.67,30,222.68,18-30
2024-02-26,South,Product A,7.0,88.68,21,620.76,18-30
2024-02-27,South,Product C,3.0,54.42,39,163.26,31-45
2024-02-28,East,Product C,6.0,73.2,24,439.20000000000005,18-30
2024-02-29,West,Product D,9.0,99.35,60,894.15,46-60
2024-03-01,North,Product B,1.0,21.83,41,21.83,31-45
2024-03-02,North,Product C,5.0,34.73,21,173.64999999999998,18-30
2024-03-03,West,Product C,4.0,45.51,45,182.04,31-45
2024-03-04,North,Product B,8.0,47.96,32,383.68,31-45
2024-03-05,West,Product C,1.0,46.99,18,46.99,
2024-03-06,North,Product A,9.0,91.68,20,825.1200000000001,18-30
2024-03-07,South,Product A,6.0,74.26,31,445.56000000000006,31-45
2024-03-08,North,Product B,4.0,64.71,55,258.84,46-60
2024-03-09,West,Product D,9.0,37.84,67,340.56000000000006,61-75
2024-03-10,West,Product D,5.0,84.14,18,420.7,
2024-03-11,West,Product B,5.0,95.96,55,479.79999999999995,46-60
2024-03-12,West,Product B,5.0,83.91,55,419.54999999999995,46-60
2024-03-13,West,Product A,1.0,10.14,38,10.14,31-45
2024-03-14,East,Product D,1.0,67.28,65,67.28,61-75
2024-03-15,East,Product C,8.0,14.6,46,116.8,46-60
2024-03-16,North,Product A,8.0,33.18,22,265.44,18-30
2024-03-17,West,Product B,6.0,15.36,66,92.16,61-75
2024-03-18,North,Product D,4.0,64.34,27,257.36,18-30
2024-03-19,West,Product C,2.0,71.79,45,143.58,31-45
2024-03-20,West,Product C,2.0,20.3,38,40.6,31-45
2024-03-21,East,Product A,9.0,44.55,67,400.95,61-75
2024-03-22,East,Product D,5.0,51.06,24,255.3,18-30
2024-03-23,South,Product D,4.0,43.21,20,172.84,18-30
2024-03-24,East,Product B,1.0,20.89,62,20.89,61-75
2024-03-25,South,Product D,7.0,47.71,64,333.97,61-75
2024-03-26,South,Product D,3.0,77.61,37,232.82999999999998,31-45
2024-03-27,South,Product A,6.0,16.39,36,98.34,31-45
2024-03-28,South,Product D,5.0,17.22,52,86.1,46-60
2024-03-29,South,Product C,5.0,41.93,21,209.65,18-30
2024-03-30,North,Product A,5.0,94.76,22,473.8,18-30
2024-03-31,East,Product A,1.0,70.17,18,70.17,
2024-04-01,South,Product B,1.0,71.08,21,71.08,18-30
2024-04-02,West,Product D,3.0,42.57,29,127.71000000000001,18-30
2024-04-03,East,Product B,4.0,63.43,44,253.72,31-45
2024-04-04,East,Product C,5.0,10.91,59,54.55,46-60
2024-04-05,South,Product A,2.0,67.25,40,134.5,31-45
2024-04-06,North,Product A,8.0,92.2,42,737.6,31-45
2024-04-07,South,Product A,2.0,65.13,38,130.26,31-45
2024-04-08,North,Product C,9.0,88.63,69,797.67,61-75
2024-04-09,West,Product C,2.0,75.16,41,150.32,31-45
2024-04-10,East,Product B,9.0,20.85,42,187.65,31-45
2024-04-11,West,Product B,7.0,91.22,62,638.54,61-75
2024-04-12,North,Product B,8.0,15.98,63,127.84,61-75
2024-04-13,North,Product D,2.0,58.06,49,116.12,46-60
2024-04-14,West,Product A,5.0,22.79,49,113.94999999999999,46-60
2024-04-15,North,Product A,6.0,11.05,22,66.30000000000001,18-30
2024-04-16,West,Product B,4.0,47.98,53,191.92,46-60
2024-04-17,East,Product A,7.0,36.55,63,255.84999999999997,61-75
2024-04-18,West,Product B,4.0,53.74,59,214.96,46-60
2024-04-19,East,Product D,2.0,61.95,66,123.9,61-75
2024-04-20,West,Product D,7.0,13.94,59,97.58,46-60
2024-04-21,North,Product C,8.0,21.07,56,168.56,46-60
2024-04-22,West,Product D,2.0,60.28,33,120.56,31-45
2024-04-23,North,Product B,5.0,40.89,50,204.45,46-60
2024-04-24,West,Product D,1.0,75.63,66,75.63,61-75
2024-04-25,West,Product C,7.0,68.71,38,480.96999999999997,31-45
2024-04-26,South,Product A,8.0,86.1,26,688.8,18-30
2024-04-27,North,Product B,6.0,72.32,23,433.91999999999996,18-30
2024-04-28,South,Product A,5.0,48.69,68,243.45,61-75
2024-04-29,North,Product C,6.0,70.57,62,423.41999999999996,61-75
2024-04-30,South,Product C,2.0,34.78,52,69.56,46-60
2024-05-01,East,Product C,1.0,37.57,56,37.57,46-60
2024-05-02,West,Product A,7.0,81.01,39,567.07,31-45
2024-05-03,North,Product A,7.0,50.18,58,351.26,46-60
2024-05-04,North,Product A,2.0,81.85,22,163.7,18-30
2024-05-05,West,Product A,2.0,84.02,59,168.04,46-60
2024-05-06,North,Product C,1.0,87.18,40,87.18,31-45
2024-05-07,North,Product C,8.0,92.5,34,740.0,31-45
2024-05-08,South,Product B,8.0,48.79,29,390.32,18-30
2024-05-09,North,Product B,1.0,38.7,40,38.7,31-45
2024-05-10,East,Product A,8.0,62.4,33,499.2,31-45
2024-05-11,East,Product D,9.0,43.41,20,390.68999999999994,18-30
2024-05-12,West,Product D,4.0,64.1,47,256.4,46-60
2024-05-13,North,Product C,1.0,73.5,39,73.5,31-45
2024-05-14,West,Product C,1.0,71.96,26,71.96,18-30
2024-05-15,East,Product C,3.0,43.71,46,131.13,46-60
2024-05-16,North,Product B,5.0,25.02,64,125.1,61-75
2024-05-17,North,Product B,5.0,48.75,54,243.75,46-60
2024-05-18,West,Product C,9.0,22.83,40,205.46999999999997,31-45
2024-05-19,West,Product C,2.0,90.11,30,180.22,18-30
2024-05-20,North,Product C,2.0,41.13,49,82.26,46-60
2024-05-21,West,Product D,6.0,23.9,63,143.39999999999998,61-75
2024-05-22,East,Product B,9.0,12.29,69,110.60999999999999,61-75
2024-05-23,West,Product D,1.0,68.12,64,68.12,61-75
2024-05-24,South,Product D,9.0,67.32,65,605.8799999999999,61-75
2024-05-25,North,Product C,9.0,40.65,40,365.84999999999997,31-45
2024-05-26,South,Product C,9.0,16.45,62,148.04999999999998,61-75
2024-05-27,East,Product A,5.0,46.87,34,234.35,31-45
2024-05-28,South,Product A,9.0,38.01,57,342.09,46-60
2024-05-29,South,Product D,4.0,70.94,38,283.76,31-45
2024-05-30,East,Product B,2.0,64.52,19,129.04,18-30
2024-05-31,West,Product C,5.0,42.81,54,214.05,46-60
2024-06-01,South,Product C,4.0,29.61,23,118.44,18-30
2024-06-02,West,Product D,6.0,98.92,61,593.52,61-75
2024-06-03,South,Product A,3.0,50.86,35,152.57999999999998,31-45
2024-06-04,West,Product B,6.0,71.94,47,431.64,46-60
2024-06-05,West,Product A,2.0,22.65,39,45.3,31-45
2024-06-06,South,Product A,2.0,53.7,50,107.4,46-60
2024-06-07,East,Product A,9.0,12.48,47,112.32000000000001,46-60
2024-06-08,South,Product A,7.0,55.49,34,388.43,31-45
2024-06-09,East,Product C,3.0,96.76,60,290.28000000000003,46-60
2024-06-10,East,Product C,5.0,44.58,49,222.89999999999998,46-60
2024-06-11,South,Product A,8.0,13.51,59,108.08,46-60
2024-06-12,South,Product B,6.0,12.79,68,76.74,61-75
2024-06-13,South,Product D,7.0,44.92,31,314.44,31-45
2024-06-14,North,Product B,9.0,24.4,27,219.6,18-30
2024-06-15,West,Product B,5.0,12.1,64,60.5,61-75
2024-06-16,North,Product B,1.0,78.06,68,78.06,61-75
2024-06-17,North,Product A,7.0,51.27,53,358.89000000000004,46-60
2024-06-18,East,Product C,5.0,36.03,51,180.15,46-60
2024-06-19,South,Product B,3.0,91.01,26,273.03000000000003,18-30
2024-06-20,West,Product A,9.0,20.45,59,184.04999999999998,46-60
2024-06-21,East,Product B,5.0,96.03,45,480.15,31-45
2024-06-22,North,Product B,1.0,38.26,28,38.26,18-30
2024-06-23,South,Product A,1.0,89.96,31,89.96,31-45
2024-06-24,East,Product C,3.0,64.26,56,192.78000000000003,46-60
2024-06-25,South,Product C,6.0,84.4,64,506.40000000000003,61-75
2024-06-26,East,Product D,3.0,98.56,36,295.68,31-45
2024-06-27,South,Product A,8.0,35.96,32,287.68,31-45
2024-06-28,North,Product D,5.0,96.5,45,482.5,31-45
2024-06-29,West,Product D,9.0,45.05,41,405.45,31-45
2024-06-30,North,Product D,3.0,44.7,25,134.10000000000002,18-30
2024-07-01,West,Product C,5.0,40.63,60,203.15,46-60
2024-07-02,South,Product A,8.0,58.73,26,469.84,18-30
2024-07-03,East,Product D,2.0,23.87,64,47.74,61-75
2024-07-04,North,Product A,6.0,59.83,50,358.98,46-60
2024-07-05,West,Product A,5.0,58.75,50,293.75,46-60
2024-07-06,North,Product C,9.0,78.57,36,707.1299999999999,31-45
2024-07-07,West,Product D,5.0,85.03,20,425.15,18-30
2024-07-08,North,Product D,2.0,49.64,27,99.28,18-30
2024-07-09,West,Product A,5.0,37.21,57,186.05,46-60
2024-07-10,West,Product B,4.0,33.34,64,133.36,61-75
2024-07-11,South,Product C,7.0,27.52,59,192.64,46-60
2024-07-12,West,Product C,6.0,15.19,18,91.14,
2024-07-13,South,Product C,2.0,40.82,46,81.64,46-60
2024-07-14,West,Product C,5.0,34.32,67,171.6,61-75
2024-07-15,East,Product D,7.0,96.98,51,678.86,46-60
2024-07-16,East,Product D,7.0,60.19,68,421.33,61-75
2024-07-17,East,Product B,5.0,41.25,30,206.25,18-30
2024-07-18,West,Product C,9.0,62.24,18,560.16,
2024-07-19,South,Product C,4.0,22.53,51,90.12,46-60
2024-07-20,South,Product A,3.0,49.96,46,149.88,46-60
2024-07-21,West,Product D,4.0,66.36,65,265.44,61-75
2024-07-22,East,Product C,5.0,54.0,64,270.0,61-75
2024-07-23,East,Product B,6.0,46.16,30,276.96,18-30
2024-07-24,South,Product B,3.0,99.45,65,298.35,61-75
2024-07-25,East,Product D,2.0,89.23,66,178.46,61-75
2024-07-26,North,Product B,4.0,66.11,46,264.44,46-60
2024-07-27,South,Product B,5.0,61.24,56,306.2,46-60
2024-07-28,East,Product D,4.0,65.86,41,263.44,31-45
2024-07-29,South,Product C,3.0,28.12,43,84.36,31-45
2024-07-30,North,Product C,8.0,45.56,34,364.48,31-45
2024-07-31,South,Product B,4.0,13.55,24,54.2,18-30
2024-08-01,South,Product B,2.0,52.8,30,105.6,18-30
2024-08-02,South,Product C,2.0,58.87,22,117.74,18-30
2024-08-03,South,Product D,1.0,30.5,43,30.5,31-45
2024-08-04,North,Product B,4.0,96.76,66,387.04,61-75
2024-08-05,West,Product A,9.0,91.85,20,826.65,18-30
2024-08-06,South,Product D,7.0,74.99,24,524.93,18-30
2024-08-07,South,Product B,7.0,58.0,66,406.0,61-75
2024-08-08,East,Product B,7.0,88.3,56,618.1,46-60
2024-08-09,South,Product A,8.0,21.76,18,174.08,
2024-08-10,East,Product A,1.0,81.15,66,81.15,61-75
2024-08-11,West,Product C,8.0,21.23,34,169.84,31-45
2024-08-12,North,Product D,4.0,81.48,60,325.92,46-60
2024-08-13,North,Product D,4.0,34.82,42,139.28,31-45
2024-08-14,West,Product C,5.0,88.94,20,444.7,18-30
2024-08-15,North,Product D,6.0,94.96,32,569.76,31-45
2024-08-16,West,Product D,7.0,23.39,46,163.73000000000002,46-60
2024-08-17,West,Product D,5.0,51.64,60,258.2,46-60
2024-08-18,West,Product D,1.0,98.29,49,98.29,46-60
2024-08-19,North,Product D,8.0,53.51,43,428.08,31-45
2024-08-20,East,Product A,7.0,87.72,33,614.04,31-45
2024-08-21,West,Product D,6.0,62.99,42,377.94,31-45
2024-08-22,South,Product A,5.0,43.78,45,218.9,31-45
2024-08-23,North,Product D,5.0,35.72,26,178.6,18-30
2024-08-24,West,Product C,6.0,28.29,18,169.74,
2024-08-25,West,Product B,9.0,78.56,46,707.04,46-60
2024-08-26,South,Product A,9.0,44.79,39,403.11,31-45
2024-08-27,East,Product D,5.0,56.01,33,280.05,31-45
2024-08-28,East,Product C,9.0,54.31,58,488.79,46-60
2024-08-29,East,Product B,8.0,61.96,68,495.68,61-75
2024-08-30,West,Product A,8.0,87.9,61,703.2,61-75
2024-08-31,West,Product B,1.0,98.27,68,98.27,61-75
2024-09-01,West,Product C,5.0,46.68,58,233.4,46-60
2024-09-02,North,Product A,4.0,84.48,24,337.92,18-30
2024-09-03,South,Product B,2.0,78.81,31,157.62,31-45
2024-09-04,West,Product D,8.0,61.62,46,492.96,46-60
2024-09-05,South,Product A,3.0,96.04,36,288.12,31-45
2024-09-06,South,Product B,4.0,28.04,36,112.16,31-45
2024-09-07,East,Product C,7.0,19.83,19,138.81,18-30
2024-09-08,North,Product C,5.0,86.86,58,434.3,46-60
2024-09-09,West,Product A,2.0,49.52,62,99.04,61-75
2024-09-10,West,Product B,3.0,86.23,32,258.69,31-45
2024-09-11,East,Product A,4.0,90.38,20,361.52,18-30
2024-09-12,West,Product A,1.0,15.62,28,15.62,18-30
2024-09-13,South,Product B,7.0,89.51,63,626.57,61-75
2024-09-14,East,Product B,2.0,50.35,47,100.7,46-60
2024-09-15,South,Product D,5.0,55.94,57,279.7,46-60
2024-09-16,North,Product B,1.0,66.39,35,66.39,31-45
2024-09-17,South,Product C,3.0,93.37,68,280.11,61-75
2024-09-18,North,Product A,2.0,11.72,65,23.44,61-75
2024-09-19,South,Product A,1.0,52.92,19,52.92,18-30
2024-09-20,East,Product C,7.0,71.89,49,503.23,46-60
2024-09-21,East,Product B,5.0,75.04,25,375.20000000000005,18-30
2024-09-22,North,Product C,1.0,72.33,39,72.33,31-45
2024-09-23,West,Product C,6.0,22.1,23,132.60000000000002,18-30
2024-09-24,North,Product D,5.0,36.95,29,184.75,18-30
2024-09-25,North,Product C,3.0,42.28,64,126.84,61-75
2024-09-26,South,Product A,7.0,82.4,57,576.8000000000001,46-60
2024-09-27,South,Product C,9.0,35.09,53,315.81000000000006,46-60
2024-09-28,South,Product A,9.0,28.96,32,260.64,31-45
2024-09-29,East,Product A,9.0,96.17,45,865.53,31-45
2024-09-30,South,Product A,2.0,10.8,69,21.6,61-75
2024-10-01,West,Product B,3.0,99.8,66,299.4,61-75
2024-10-02,South,Product D,7.0,70.91,62,496.37,61-75
2024-10-03,South,Product A,5.0,84.56,35,422.8,31-45
2024-10-04,West,Product A,2.0,36.52,19,73.04,18-30
2024-10-05,North,Product B,3.0,11.29,30,33.87,18-30
2024-10-06,West,Product A,6.0,76.41,62,458.46,61-75
2024-10-07,North,Product C,7.0,85.07,32,595.49,31-45
2024-10-08,North,Product C,9.0,76.64,37,689.76,31-45
2024-10-09,North,Product D,1.0,22.86,46,22.86,46-60
2024-10-10,West,Product A,7.0,77.81,59,544.6700000000001,46-60
2024-10-11,North,Product B,8.0,79.2,46,633.6,46-60
2024-10-12,East,Product C,3.0,69.27,20,207.81,18-30
2024-10-13,West,Product B,4.0,78.95,36,315.8,31-45
2024-10-14,East,Product B,6.0,86.13,20,516.78,18-30
2024-10-15,North,Product C,7.0,65.22,31,456.53999999999996,31-45
2024-10-16,South,Product B,4.0,17.97,57,71.88,46-60
2024-10-17,North,Product C,8.0,53.89,21,431.12,18-30
2024-10-18,East,Product B,5.0,16.99,69,84.94999999999999,61-75
2024-10-19,East,Product C,1.0,46.68,28,46.68,18-30
2024-10-20,West,Product A,4.0,46.64,48,186.56,46-60
2024-10-21,South,Product D,3.0,15.94,60,47.82,46-60
2024-10-22,West,Product C,9.0,41.39,49,372.51,46-60
2024-10-23,East,Product C,8.0,19.99,44,159.92,31-45
2024-10-24,North,Product D,1.0,82.74,47,82.74,46-60
2024-10-25,South,Product C,6.0,95.29,60,571.74,46-60
2024-10-26,North,Product C,9.0,16.51,19,148.59,18-30
2024-10-27,North,Product B,7.0,95.96,66,671.7199999999999,61-75
2024-10-28,South,Product D,4.0,57.03,26,228.12,18-30
2024-10-29,West,Product A,1.0,36.96,45,36.96,31-45
2024-10-30,North,Product C,2.0,16.92,48,33.84,46-60
2024-10-31,East,Product D,5.0,55.06,51,275.3,46-60
2024-11-01,North,Product B,5.0,81.51,32,407.55,31-45
2024-11-02,South,Product A,8.0,73.64,65,589.12,61-75
2024-11-03,South,Product D,6.0,14.52,42,87.12,31-45
2024-11-04,South,Product A,5.0,16.56,53,82.8,46-60
2024-11-05,West,Product A,5.0,46.26,25,231.29999999999998,18-30
2024-11-06,North,Product A,3.0,36.58,26,109.74,18-30
2024-11-07,West,Product C,6.0,30.91,54,185.46,46-60
2024-11-08,West,Product C,3.0,35.29,65,105.87,61-75
2024-11-09,South,Product B,6.0,82.31,62,493.86,61-75
2024-11-10,South,Product B,6.0,93.63,56,561.78,46-60
2024-11-11,West,Product D,2.0,46.46,49,92.92,46-60
2024-11-12,North,Product B,7.0,91.55,69,640.85,61-75
2024-11-13,East,Product A,2.0,38.93,34,77.86,31-45
2024-11-14,West,Product A,6.0,52.88,52,317.28000000000003,46-60
2024-11-15,North,Product C,1.0,30.34,54,30.34,46-60
2024-11-16,South,Product A,3.0,67.64,36,202.92000000000002,31-45
2024-11-17,South,Product D,2.0,98.11,61,196.22,61-75
2024-11-18,North,Product A,7.0,64.31,46,450.17,46-60
2024-11-19,East,Product A,4.0,42.2,24,168.8,18-30
2024-11-20,South,Product D,8.0,68.3,45,546.4,31-45
2024-11-21,South,Product B,6.0,21.06,26,126.35999999999999,18-30
2024-11-22,South,Product B,4.0,89.98,45,359.92,31-45
2024-11-23,North,Product D,5.0,55.28,23,276.4,18-30
2024-11-24,West,Product C,9.0,50.44,46,453.96,46-60
2024-11-25,South,Product A,7.0,62.73,34,439.10999999999996,31-45
2024-11-26,West,Product D,9.0,66.23,33,596.07,31-45
2024-11-27,East,Product A,7.0,16.46,40,115.22,31-45
2024-11-28,South,Product C,1.0,71.44,48,71.44,46-60
2024-11-29,South,Product A,8.0,31.77,20,254.16,18-30
2024-11-30,East,Product D,5.0,74.26,38,371.3,31-45
2024-12-01,South,Product A,3.0,84.03,43,252.09,31-45
2024-12-02,West,Product B,7.0,82.36,53,576.52,46-60
2024-12-03,North,Product C,3.0,59.73,59,179.19,46-60
2024-12-04,West,Product C,8.0,56.82,54,454.56,46-60
2024-12-05,North,Product C,5.0,22.86,39,114.3,31-45
2024-12-06,North,Product D,5.0,79.78,59,398.9,46-60
2024-12-07,West,Product C,4.0,34.43,29,137.72,18-30
2024-12-08,West,Product B,8.0,54.7,59,437.6,46-60
2024-12-09,West,Product D,8.0,35.58,30,284.64,18-30
2024-12-10,West,Product B,1.0,22.04,28,22.04,18-30
2024-12-11,East,Product A,9.0,66.66,33,599.9399999999999,31-45
2024-12-12,South,Product A,5.0,14.89,25,74.45,18-30
2024-12-13,North,Product A,4.0,77.38,57,309.52,46-60
2024-12-14,West,Product A,6.0,38.58,57,231.48,46-60
2024-12-15,West,Product B,6.0,10.01,62,60.06,61-75
2024-12-16,West,Product D,2.0,56.0,19,112.0,18-30
2024-12-17,East,Product D,8.0,14.22,47,113.76,46-60
2024-12-18,West,Product C,7.0,34.86,47,244.01999999999998,46-60
2024-12-19,West,Product B,1.0,73.63,29,73.63,18-30
2024-12-20,West,Product A,5.0,15.64,27,78.2,18-30
2024-12-21,West,Product B,6.0,85.54,61,513.24,61-75
2024-12-22,East,Product C,4.0,10.34,28,41.36,18-30
2024-12-23,West,Product C,2.0,32.21,32,64.42,31-45
2024-12-24,North,Product B,4.0,76.68,33,306.72,31-45
2024-12-25,North,Product B,1.0,38.46,34,38.46,31-45
2024-12-26,North,Product B,7.0,19.17,43,134.19,31-45
2024-12-27,East,Product D,2.0,42.42,19,84.84,18-30
2024-12-28,East,Product A,2.0,34.34,67,68.68,61-75
2024-12-29,East,Product B,9.0,85.84,29,772.5600000000001,18-30
2024-12-30,West,Product B,5.0,38.2,68,191.0,61-75
2024-12-31,East,Product B,2.0,81.0,43,162.0,31-45
2025-01-01,North,Product C,9.0,90.27,40,812.43,31-45
2025-01-02,North,Product C,9.0,49.04,35,441.36,31-45
2025-01-03,West,Product D,1.0,91.89,49,91.89,46-60
2025-01-04,South,Product A,3.0,43.96,66,131.88,61-75
2025-01-05,East,Product D,4.0,96.77,55,387.08,46-60
2025-01-06,West,Product A,7.0,18.04,64,126.28,61-75
2025-01-07,North,Product C,4.0,71.83,20,287.32,18-30
2025-01-08,North,Product C,2.0,54.44,55,108.88,46-60
2025-01-09,West,Product C,7.0,44.89,20,314.23,18-30
2025-01-10,East,Product D,6.0,66.94,47,401.64,46-60
2025-01-11,South,Product B,3.0,73.35,18,220.04999999999998,
2025-01-12,South,Product B,6.0,10.39,47,62.34,46-60
2025-01-13,North,Product C,6.0,25.03,62,150.18,61-75
2025-01-14,East,Product B,5.0,74.17,49,370.85,46-60
2025-01-15,South,Product B,4.0,69.97,45,279.88,31-45
2025-01-16,East,Product D,1.0,96.94,38,96.94,31-45
2025-01-17,East,Product A,6.0,78.49,63,470.93999999999994,61-75
2025-01-18,North,Product C,2.0,95.57,30,191.14,18-30
2025-01-19,South,Product C,3.0,73.23,44,219.69,31-45
2025-01-20,West,Product D,8.0,36.82,53,294.56,46-60
2025-01-21,North,Product D,6.0,19.48,24,116.88,18-30
2025-01-22,South,Product B,3.0,80.36,39,241.07999999999998,31-45
2025-01-23,South,Product C,7.0,67.97,27,475.78999999999996,18-30
2025-01-24,South,Product A,4.0,14.34,56,57.36,46-60
2025-01-25,South,Product D,9.0,42.4,32,381.59999999999997,31-45
2025-01-26,South,Product A,5.0,96.11,32,480.55,31-45
2025-01-27,East,Product A,3.0,55.04,21,165.12,18-30
2025-01-28,North,Product C,2.0,48.95,49,97.9,46-60
2025-01-29,East,Product C,2.0,51.19,40,102.38,31-45
2025-01-30,West,Product D,3.0,28.8,23,86.4,18-30
2025-01-31,South,Product C,2.0,43.18,41,86.36,31-45
2025-02-01,North,Product C,4.0,43.28,37,173.12,31-45
2025-02-02,South,Product C,2.0,14.71,54,29.42,46-60
2025-02-03,North,Product A,9.0,79.08,37,711.72,31-45
2025-02-04,East,Product D,2.0,47.49,29,94.98,18-30
2025-02-05,North,Product B,9.0,84.0,50,756.0,46-60
2025-02-06,West,Product A,6.0,86.53,45,519.1800000000001,31-45
2025-02-07,West,Product C,1.0,29.08,25,29.08,18-30
2025-02-08,North,Product A,4.0,69.16,18,276.64,
2025-02-09,North,Product C,1.0,52.51,54,52.51,46-60
2025-02-10,North,Product C,6.0,89.21,39,535.26,31-45
2025-02-11,North,Product A,4.0,29.42,23,117.68,18-30
2025-02-12,West,Product D,3.0,71.0,38,213.0,31-45
2025-02-13,South,Product C,5.0,64.7,49,323.5,46-60
2025-02-14,North,Product D,9.0,36.58,52,329.21999999999997,46-60
2025-02-15,North,Product B,6.0,22.29,32,133.74,31-45
2025-02-16,West,Product C,9.0,68.65,22,617.85,18-30
2025-02-17,West,Product D,5.0,76.47,63,382.35,61-75
2025-02-18,East,Product D,2.0,38.41,67,76.82,61-75
2025-02-19,North,Product B,8.0,68.03,65,544.24,61-75
2025-02-20,East,Product D,5.0,45.56,23,227.8,18-30
2025-02-21,West,Product D,2.0,74.19,42,148.38,31-45
2025-02-22,West,Product B,4.0,27.93,63,111.72,61-75
2025-02-23,South,Product C,9.0,90.12,57,811.08,46-60
2025-02-24,North,Product D,4.0,35.87,46,143.48,46-60
2025-02-25,East,Product D,4.0,43.1,24,172.4,18-30
2025-02-26,West,Product D,2.0,15.23,57,30.46,46-60
2025-02-27,West,Product A,6.0,20.04,30,120.24,18-30
2025-02-28,East,Product B,2.0,56.43,55,112.86,46-60
2025-03-01,South,Product A,7.0,34.08,35,238.56,31-45
2025-03-02,West,Product B,3.0,85.19,19,255.57,18-30
2025-03-03,North,Product C,3.0,11.32,25,33.96,18-30
2025-03-04,West,Product C,5.0,44.12,28,220.6,18-30
2025-03-05,North,Product D,3.0,40.36,50,121.08,46-60
2025-03-06,East,Product B,2.0,11.74,55,23.48,46-60
2025-03-07,North,Product C,9.0,21.19,65,190.71,61-75
2025-03-08,East,Product B,2.0,47.23,44,94.46,31-45
2025-03-09,North,Product C,2.0,54.36,37,108.72,31-45
2025-03-10,East,Product A,8.0,46.39,29,371.12,18-30
2025-03-11,North,Product C,5.0,57.78,60,288.9,46-60
2025-03-12,South,Product A,7.0,63.56,48,444.92,46-60
2025-03-13,North,Product C,3.0,10.89,44,32.67,31-45
2025-03-14,North,Product D,9.0,51.77,49,465.93,46-60
2025-03-15,South,Product A,3.0,96.71,27,290.13,18-30
2025-03-16,West,Product C,5.0,56.71,20,283.55,18-30
2025-03-17,West,Product D,9.0,70.98,62,638.82,61-75
2025-03-18,West,Product A,3.0,38.07,44,114.21000000000001,31-45
2025-03-19,South,Product D,7.0,79.66,52,557.62,46-60
2025-03-20,North,Product B,1.0,79.56,48,79.56,46-60
2025-03-21,East,Product B,4.0,56.92,32,227.68,31-45
2025-03-22,East,Product A,4.0,97.84,33,391.36,31-45
2025-03-23,North,Product C,7.0,21.3,30,149.1,18-30
2025-03-24,West,Product A,8.0,11.53,66,92.24,61-75
2025-03-25,West,Product D,1.0,79.31,52,79.31,46-60
2025-03-26,North,Product C,5.0,82.64,69,413.2,61-75
2025-03-27,North,Product B,7.0,20.82,28,145.74,18-30
2025-03-28,East,Product C,4.0,33.9,38,135.6,31-45
2025-03-29,West,Product B,4.0,11.58,68,46.32,61-75
2025-03-30,North,Product C,4.0,36.4,28,145.6,18-30
2025-03-31,East,Product C,6.0,79.58,47,477.48,46-60
2025-04-01,West,Product C,7.0,56.62,65,396.34,61-75
2025-04-02,South,Product D,2.0,41.33,52,82.66,46-60
2025-04-03,East,Product D,5.0,43.46,39,217.3,31-45
2025-04-04,West,Product A,4.0,10.12,55,40.48,46-60
2025-04-05,West,Product A,3.0,36.98,48,110.94,46-60
2025-04-06,East,Product B,7.0,68.18,31,477.26000000000005,31-45
2025-04-07,South,Product D,6.0,97.68,41,586.08,31-45
2025-04-08,East,Product B,7.0,86.24,67,603.68,61-75
2025-04-09,West,Product A,5.0,12.12,66,60.599999999999994,61-75
2025-04-10,North,Product B,6.0,90.87,49,545.22,46-60
2025-04-11,North,Product A,5.0,80.49,53,402.45,46-60
2025-04-12,East,Product D,7.0,80.23,49,561.61,46-60
2025-04-13,West,Product C,2.0,51.22,32,102.44,31-45
2025-04-14,North,Product D,5.0,45.82,60,229.1,46-60
2025-04-15,West,Product B,6.0,37.26,52,223.56,46-60
2025-04-16,East,Product B,6.0,15.91,20,95.46000000000001,18-30
2025-04-17,North,Product D,5.0,30.54,33,152.7,31-45
2025-04-18,North,Product D,7.0,32.19,22,225.32999999999998,18-30
2025-04-19,North,Product A,8.0,53.57,38,428.56,31-45
2025-04-20,East,Product B,7.0,77.27,27,540.89,18-30
2025-04-21,West,Product B,5.0,52.64,36,263.2,31-45
2025-04-22,North,Product D,1.0,15.21,42,15.21,31-45
2025-04-23,East,Product C,5.0,96.2,21,481.0,18-30
2025-04-24,North,Product B,2.0,94.85,46,189.7,46-60
2025-04-25,North,Product C,5.0,80.67,36,403.35,31-45
2025-04-26,South,Product D,5.0,99.22,60,496.1,46-60
2025-04-27,South,Product D,2.0,59.0,19,118.0,18-30
2025-04-28,East,Product A,5.0,96.65,27,483.25,18-30
2025-04-29,South,Product B,4.0,16.8,60,67.2,46-60
2025-04-30,East,Product C,1.0,42.91,42,42.91,31-45
2025-05-01,South,Product A,3.0,30.28,37,90.84,31-45
2025-05-02,North,Product B,1.0,27.62,65,27.62,61-75
2025-05-03,East,Product A,5.0,22.67,36,113.35000000000001,31-45
2025-05-04,East,Product D,4.0,66.02,40,264.08,31-45
2025-05-05,North,Product B,7.0,80.32,41,562.24,31-45
2025-05-06,East,Product A,5.0,62.05,28,310.25,18-30
2025-05-07,East,Product A,4.0,23.23,63,92.92,61-75
2025-05-08,South,Product C,2.0,83.0,51,166.0,46-60
2025-05-09,East,Product A,4.0,67.24,45,268.96,31-45
2025-05-10,West,Product B,2.0,44.93,22,89.86,18-30
2025-05-11,North,Product B,8.0,70.67,22,565.36,18-30
2025-05-12,South,Product C,3.0,33.39,68,100.17,61-75
2025-05-13,South,Product B,9.0,41.07,38,369.63,31-45
2025-05-14,West,Product D,4.0,92.57,29,370.28,18-30
2025-05-15,North,Product B,6.0,36.15,67,216.89999999999998,61-75
2025-05-16,North,Product B,5.0,52.3,21,261.5,18-30
2025-05-17,South,Product A,1.0,90.11,66,90.11,61-75
2025-05-18,East,Product A,9.0,73.69,59,663.21,46-60
2025-05-19,South,Product B,1.0,15.6,37,15.6,31-45
2025-05-20,North,Product C,8.0,23.26,55,186.08,46-60
2025-05-21,West,Product A,9.0,10.71,42,96.39000000000001,31-45
2025-05-22,South,Product C,9.0,66.78,31,601.02,31-45
2025-05-23,North,Product B,5.0,50.29,28,251.45,18-30
2025-05-24,South,Product B,2.0,22.08,49,44.16,46-60
2025-05-25,East,Product D,1.0,96.21,28,96.21,18-30
2025-05-26,South,Product A,2.0,57.67,35,115.34,31-45
2025-05-27,South,Product B,8.0,31.77,44,254.16,31-45
2025-05-28,North,Product D,5.0,55.05,35,275.25,31-45
2025-05-29,North,Product A,7.0,71.17,40,498.19,31-45
2025-05-30,North,Product B,2.0,16.86,28,33.72,18-30
2025-05-31,South,Product B,8.0,34.72,38,277.76,31-45
2025-06-01,East,Product A,6.0,82.63,61,495.78,61-75
2025-06-02,West,Product A,8.0,51.37,22,410.96,18-30
2025-06-03,West,Product A,1.0,59.19,40,59.19,31-45
2025-06-04,North,Product B,1.0,48.95,58,48.95,46-60
2025-06-05,North,Product B,7.0,13.95,42,97.64999999999999,31-45
2025-06-06,South,Product D,8.0,24.92,58,199.36,46-60
2025-06-07,West,Product C,3.0,50.1,27,150.3,18-30
2025-06-08,North,Product A,5.0,28.83,39,144.14999999999998,31-45
2025-06-09,East,Product B,1.0,14.5,36,14.5,31-45
2025-06-10,East,Product B,7.0,85.93,18,601.51,
2025-06-11,North,Product A,5.0,98.31,24,491.55,18-30
2025-06-12,North,Product C,8.0,81.38,21,651.04,18-30
2025-06-13,West,Product A,8.0,86.84,18,694.72,
2025-06-14,West,Product C,9.0,31.78,32,286.02,31-45
2025-06-15,South,Product B,7.0,96.46,57,675.2199999999999,46-60
2025-06-16,West,Product C,1.0,27.72,29,27.72,18-30
2025-06-17,East,Product D,3.0,95.63,39,286.89,31-45
2025-06-18,East,Product B,8.0,99.53,39,796.24,31-45
2025-06-19,North,Product D,3.0,74.06,67,222.18,61-75
2025-06-20,West,Product A,8.0,98.3,64,786.4,61-75
2025-06-21,South,Product A,1.0,61.26,34,61.26,31-45
2025-06-22,East,Product A,5.0,33.36,46,166.8,46-60
2025-06-23,East,Product C,4.0,49.33,63,197.32,61-75
2025-06-24,South,Product B,5.0,63.42,31,317.1,31-45
2025-06-25,South,Product A,8.0,16.58,67,132.64,61-75
2025-06-26,East,Product A,4.0,66.01,37,264.04,31-45
2025-06-27,East,Product B,4.0,98.31,67,393.24,61-75
2025-06-28,South,Product A,5.0,27.11,65,135.55,61-75
2025-06-29,East,Product D,7.0,81.33,50,569.31,46-60
2025-06-30,North,Product B,3.0,91.71,60,275.13,46-60
2025-07-01,North,Product B,3.0,94.93,32,284.79,31-45
2025-07-02,South,Product B,5.0,96.41,29,482.04999999999995,18-30
2025-07-03,West,Product D,5.0,56.93,57,284.65,46-60
2025-07-04,South,Product B,6.0,97.96,37,587.76,31-45
2025-07-05,South,Product D,8.0,78.16,47,625.28,46-60
2025-07-06,West,Product B,6.0,24.55,55,147.3,46-60
2025-07-07,West,Product C,1.0,52.92,20,52.92,18-30
2025-07-08,West,Product A,8.0,74.65,45,597.2,31-45
2025-07-09,North,Product C,8.0,32.26,43,258.08,31-45
2025-07-10,East,Product A,9.0,67.66,47,608.9399999999999,46-60
2025-07-11,North,Product D,9.0,69.99,30,629.91,18-30
2025-07-12,East,Product C,2.0,24.64,30,49.28,18-30
2025-07-13,North,Product B,2.0,60.86,19,121.72,18-30
2025-07-14,East,Product A,3.0,79.45,54,238.35000000000002,46-60
2025-07-15,North,Product A,1.0,54.9,66,54.9,61-75
2025-07-16,West,Product C,4.0,11.09,55,44.36,46-60
2025-07-17,South,Product D,4.0,10.81,19,43.24,18-30
2025-07-18,North,Product C,9.0,42.13,53,379.17,46-60
2025-07-19,East,Product D,9.0,93.36,43,840.24,31-45
2025-07-20,West,Product D,5.0,30.58,28,152.89999999999998,18-30
2025-07-21,North,Product A,7.0,67.09,25,469.63,18-30
2025-07-22,North,Product C,2.0,29.99,61,59.98,61-75
2025-07-23,West,Product C,5.0,38.95,57,194.75,46-60
2025-07-24,North,Product D,4.0,86.32,60,345.28,46-60
2025-07-25,South,Product C,8.0,75.6,39,604.8,31-45
2025-07-26,North,Product B,2.0,18.59,37,37.18,31-45
2025-07-27,South,Product B,6.0,48.58,25,291.48,18-30
2025-07-28,South,Product C,5.0,12.63,46,63.150000000000006,46-60
2025-07-29,West,Product C,2.0,53.28,57,106.56,46-60
2025-07-30,North,Product D,1.0,69.62,43,69.62,31-45
2025-07-31,West,Product B,8.0,20.67,47,165.36,46-60
2025-08-01,North,Product B,5.0,36.0,34,180.0,31-45
2025-08-02,North,Product A,7.0,45.81,37,320.67,31-45
2025-08-03,East,Product D,9.0,92.76,69,834.84,61-75
2025-08-04,North,Product A,9.0,99.39,33,894.51,31-45
2025-08-05,West,Product B,8.0,14.04,63,112.32,61-75
2025-08-06,South,Product D,9.0,78.49,60,706.41,46-60
2025-08-07,North,Product C,2.0,43.46,24,86.92,18-30
2025-08-08,East,Product D,6.0,45.32,33,271.92,31-45
2025-08-09,West,Product C,4.0,77.88,62,311.52,61-75
2025-08-10,North,Product C,4.0,92.66,64,370.64,61-75
2025-08-11,West,Product D,5.0,95.58,65,477.9,61-75
2025-08-12,East,Product C,3.0,61.94,44,185.82,31-45
2025-08-13,East,Product A,1.0,42.14,40,42.14,31-45
2025-08-14,West,Product B,8.0,80.88,41,647.04,31-45
2025-08-15,North,Product C,5.0,32.59,26,162.95000000000002,18-30
2025-08-16,South,Product A,3.0,60.77,52,182.31,46-60
2025-08-17,East,Product C,7.0,42.27,68,295.89000000000004,61-75
2025-08-18,North,Product B,7.0,69.1,37,483.69999999999993,31-45
2025-08-19,North,Product A,1.0,31.64,54,31.64,46-60
2025-08-20,South,Product B,9.0,27.24,59,245.16,46-60
2025-08-21,East,Product B,2.0,92.64,34,185.28,31-45
2025-08-22,East,Product A,5.0,19.16,64,95.8,61-75
2025-08-23,North,Product A,5.0,55.54,48,277.7,46-60
2025-08-24,North,Product A,8.0,29.88,25,239.04,18-30
2025-08-25,South,Product D,8.0,13.5,32,108.0,31-45
2025-08-26,South,Product A,7.0,13.24,48,92.68,46-60
2025-08-27,East,Product A,7.0,25.77,47,180.39,46-60
2025-08-28,West,Product A,6.0,88.01,63,528.0600000000001,61-75
2025-08-29,East,Product A,6.0,35.42,37,212.52,31-45
2025-08-30,North,Product C,9.0,95.54,56,859.86,46-60
2025-08-31,East,Product D,6.0,62.35,29,374.1,18-30
2025-09-01,West,Product B,5.0,49.3,66,246.5,61-75
2025-09-02,South,Product A,2.0,62.21,34,124.42,31-45
2025-09-03,West,Product C,5.0,56.5,59,282.5,46-60
2025-09-04,West,Product C,4.0,78.29,47,313.16,46-60
2025-09-05,West,Product C,2.0,35.42,46,70.84,46-60
2025-09-06,South,Product B,3.0,41.77,36,125.31,31-45
2025-09-07,West,Product A,7.0,90.47,63,633.29,61-75
2025-09-08,West,Product D,8.0,95.18,28,761.44,18-30
2025-09-09,West,Product D,6.0,90.33,51,541.98,46-60
2025-09-10,North,Product C,5.0,47.75,67,238.75,61-75
2025-09-11,West,Product B,1.0,80.23,24,80.23,18-30
2025-09-12,South,Product B,8.0,52.87,61,422.96,61-75
2025-09-13,West,Product B,3.0,54.78,51,164.34,46-60
2025-09-14,West,Product D,6.0,28.42,37,170.52,31-45
2025-09-15,South,Product C,3.0,63.2,67,189.60000000000002,61-75
2025-09-16,West,Product A,7.0,26.75,55,187.25,46-60
2025-09-17,South,Product D,5.0,39.84,41,199.20000000000002,31-45
2025-09-18,West,Product C,9.0,86.95,27,782.5500000000001,18-30
2025-09-19,South,Product C,5.0,28.64,49,143.2,46-60
2025-09-20,West,Product A,8.0,16.4,69,131.2,61-75
2025-09-21,West,Product A,8.0,16.21,32,129.68,31-45
2025-09-22,North,Product A,1.0,94.67,54,94.67,46-60
2025-09-23,North,Product B,5.0,55.62,37,278.09999999999997,31-45
2025-09-24,West,Product A,3.0,46.85,20,140.55,18-30
2025-09-25,West,Product C,1.0,82.98,54,82.98,46-60
2025-09-26,East,Product A,4.0,85.22,57,340.88,46-60
